id,first_name,last_name,email,gender
1,Marley,Braams,mbraams0@paypal.com,Female
2,Pincas,Jewiss,pjewiss1@ucoz.com,Male
3,Willie,Addicott,waddicott2@berkeley.edu,Female
4,Madelin,Kedie,mkedie3@vistaprint.com,Female
5,Adriane,Ready,aready4@blogs.com,Female
6,Valentine,Tinson,vtinson5@paypal.com,Male
7,Ronnie,Jankovsky,rjankovsky6@vkontakte.ru,Male
8,Clovis,Gian,cgian7@boston.com,Female
9,Rodney,Roylance,rroylance8@tinypic.com,Male
10,Kerstin,Espina,kespina9@amazon.com,Female
11,Vail,Stoddart,vstoddarta@addthis.com,Male
12,Meredith,Semken,msemkenb@discuz.net,Female
13,Clive,Bresson,cbressonc@reuters.com,Male
14,Wakefield,Pippin,wpippind@usda.gov,Male
15,Xerxes,Sapshed,xsapshede@baidu.com,Male
16,Cleavland,Solomon,csolomonf@clickbank.net,Male
17,Freddie,Hadwick,fhadwickg@linkedin.com,Male
18,Randee,Rosenhaus,rrosenhaush@shutterfly.com,Female
19,Panchito,Beernaert,pbeernaerti@posterous.com,Male
20,Guinna,Walkey,gwalkeyj@e-recht24.de,Female
21,Kaila,Hairesnape,khairesnapek@house.gov,Female
22,Sebastien,Morriarty,smorriartyl@etsy.com,Male
23,Geneva,Petric,gpetricm@wp.com,Female
24,Rollie,Denkin,rdenkinn@slideshare.net,Male
25,Rafaela,Hardbattle,rhardbattleo@163.com,Female
26,Aldridge,Brise,abrisep@opensource.org,Male
27,Nicolas,Assur,nassurq@dmoz.org,Male
28,Lauree,Edmunds,ledmundsr@java.com,Female
29,Helen-elizabeth,Biddle,hbiddles@ucsd.edu,Female
30,Bernie,Reynold,breynoldt@sitemeter.com,Female
31,Adoree,Beresford,aberesfordu@goo.gl,Female
32,Demetris,Pendrigh,dpendrighv@wisc.edu,Male
33,Eunice,Stothart,estothartw@google.pl,Female
34,Clayson,Bessom,cbessomx@biglobe.ne.jp,Male
35,Mary,Seely,mseelyy@constantcontact.com,Female
36,Ulises,Blackhall,ublackhallz@usnews.com,Male
37,Guglielmo,Jeannesson,gjeannesson10@gmpg.org,Male
38,Valle,Simmons,vsimmons11@rambler.ru,Male
39,Gabriel,Livingston,glivingston12@feedburner.com,Female
40,Ian,Vanichkin,ivanichkin13@dmoz.org,Male
41,Claire,Cicci,ccicci14@prlog.org,Female
42,Theo,Stenton,tstenton15@ca.gov,Female
43,Mariana,Clissell,mclissell16@va.gov,Female
44,Winnifred,Mourge,wmourge17@shareasale.com,Female
45,Devonne,Kellaway,dkellaway18@geocities.com,Female
46,Willem,Fayers,wfayers19@plala.or.jp,Male
47,Rosabel,Mockett,rmockett1a@amazon.de,Female
48,Wilmer,Felkin,wfelkin1b@bloglines.com,Male
49,Helaine,Dudman,hdudman1c@prnewswire.com,Female
50,Joey,Byars,jbyars1d@comsenz.com,Female
51,Gris,De Angelis,gdeangelis1e@seattletimes.com,Male
52,Nadine,Ganders,nganders1f@pagesperso-orange.fr,Female
53,Jourdan,Middlemass,jmiddlemass1g@marriott.com,Female
54,Tucky,MacRanald,tmacranald1h@biblegateway.com,Male
55,Gerhardt,Salman,gsalman1i@mac.com,Male
56,Meir,Gulc,mgulc1j@free.fr,Male
57,Shepperd,Myderscough,smyderscough1k@usnews.com,Male
58,Felicia,Dossettor,fdossettor1l@craigslist.org,Female
59,Rosabel,Burman,rburman1m@newsvine.com,Female
60,Grace,Kowalik,gkowalik1n@hugedomains.com,Female
61,Armin,Loomis,aloomis1o@dmoz.org,Male
62,Mariam,Bon,mbon1p@columbia.edu,Female
63,Boyd,Stennet,bstennet1q@dell.com,Male
64,Ileane,Trowler,itrowler1r@example.com,Female
65,Lola,Gounel,lgounel1s@netvibes.com,Female
66,Aprilette,Imos,aimos1t@github.com,Female
